테마,트랙이름
해변,트랙 9
사막,사막 버려진 오아시스
빌리지,빌리지 고가의 질주
코리아,코리아 제주 해오름 다운힐
빌리지,빌리지 운하
해변,비치 해변 드라이브
메이플,메이플 리스항구 언덕길
메이플,메이플 레헬른 악몽의 시계탑
월드,월드 뉴욕 대질주
네모,네모 산타의 비밀공간
메이플,메이플 헤네시스 공원
빌리지,빌리지 남산
WKC,WKC 코리아 서킷
월드,월드 두바이 다운타운
빌리지,빌리지 운명의 다리
월드,월드 리오 다운힐
노르테유,노르테유 스카이웨이
차이나,차이나 라사
신화,신화 신들의 세계
WKC,WKC 투어링 랠리
쥐라기,쥐라기 공룡 무덤
차이나,차이나 서안 병마용
네모,네모 장난감 선물공장
월드,월드 이탈리아 피사의 사탑
빌리지,빌리지 손가락
브로디,브로디 비밀의 연구소
쥐라기,쥐라기 공룡 결투장
차이나,차이나 서안 병마용 2
차이나,차이나 황산
1920,1920 아슬아슬 비행장
차이나,차이나 상해 동방명주
노르테유,노르테유 허공의 갈림길
노르테유,노르테유 익스프레스
대저택,대저택 은밀한 지하실
해적,해적 로비 절벽의 전투
WKC,WKC 싱가폴 서킷
차이나,차이나 골목길 대질주
빌리지,빌리지 고가의 질주 2
차이나,차이나 북경 자금성
동화,동화 이상한 나라의 문
1920,1920 기차역 질주
어비스,어비스 배틀 콜로세움
황금문명,황금문명 오르에트 황금 좌표
메카닉,메카닉 잊혀진 도시의 중심부
올림포스,올림포스 하늘의 신전
놀이동산,놀이동산 360 타워
팩토리,팩토리 두 개의 공장
올림포스,올림포스 제우스 시티
문힐시티,문힐시티 폭우속의 질주
마비노기,마비노기 이멘 마하
도검,도검 구름의 협곡
코리아,코리아 다이나믹 서울
포레스트,포레스트 기암괴석
도검,도검 야외 수련관
빌리지,빌리지 두개의 관문
광산,광산 꼬불꼬불 다운힐
포레스트,포레스트 지그재그
사막,사막 빙글빙글 공사장
사막,사막 놀라운 공룡 유적지
코리아,코리아 부산의 밤
빌리지,빌리지 붐힐터널
문힐시티,문힐시티 숨겨진 지하터널
메이플,메이플 리스항구 선착장
아이스,아이스 갈라진 빙산
코리아,코리아 롯데월드 어드벤처
포레스트,포레스트 오싹한 공중다리
해변,비치 여객선
황금문명,황금문명 황금신전을 찾아서
WKC,WKC 크레이지 10
아이스,아이스 아찔한 헬기 점프
네모,네모 강철바위 용광로
포레스트,포레스트 행복한 팬더 마을
동화,동화 잠자는 숲속의 거인
사막,사막 베거이 시장
어비스,어비스 스카이라인
님프,님프 바다 신전의 비밀
빌리지,빌리지 익스트림 경기장
노르테유,노르테유 전투비행장
카멜롯,카멜롯 펜드래건 캐슬
네모,네모 네모난 마을
해적,해적 가파른 감시탑
해적,해적 숨겨진 보물
포레스트,포레스트 대관령
공동묘지,공동묘지 마왕의 초대
포레스트,포레스트 골짜기
도검,도검 월하문
아이스,아이스 신나는 하프파이프
광산,광산 위험한 제련소
광산,광산 3개의 지름길
공동묘지,공동묘지 해골성 대탐험
메이플,메이플 헤네시스 오솔길
아이스,아이스 설산 다운힐
빌리지,빌리지 지우펀
차이나,[Reverse] 차이나 골목길 대질주
도검,도검 용의 길
신화,신화 차원의 관문
황금문명,황금문명 비밀장치의 위협
메이플,메이플 꿈의 도시 레헬른
코리아,코리아 한국민속촌
사막,사막 피라미드 탐험
동화,동화 마녀의 성
포레스트,포레스트 아찔한 다운힐
팩토리,팩토리 미완성 5구역
아이스,아이스 부서진 빙산
빌리지,빌리지 만리장성
광산,광산 아슬아슬 궤도 전차
빌리지,[Reverse] 빌리지 시계탑
쥐라기,쥐라기 공룡섬 대모험
차이나,차이나 용의 운하
팩토리,팩토리 모험의 시작
포레스트,포레스트 통나무
카멜롯,카멜롯 전차 추격전
코리아,코리아 인천 센트럴파크
아이스,아이스 펭귄타운
사막,잊혀진 모래의 기억
빌리지,[Reverse] 빌리지 시계탑 운하
님프,님프 요정 마을의 초대
마비노기,마비노기 티르 코네일
포레스트,포레스트 통곡의 절벽
마비노기,마비노기 바올 던전
코리아,코리아 전주 한옥마을
해적,해적 상어섬의 비밀
문힐시티,문힐시티 지피의 시청광장
신화,신화 오딘의 궁전
WKC,WKC 브라질 서킷
빌리지,빌리지 시계탑
네모,네모 구구 둥지
빌리지,붐힐 드라이브
어비스,[Reverse] 어비스 숨겨진 바닷길
메카닉,메카닉 숨겨진 탈출로
공동묘지,공동묘지 해골 손가락
노르테유,노르테유 부스터존 점령작전
어비스,어비스 숨겨진 바닷길
아이스,아이스 투명동굴
브로디,브로디 에너지의 원천
월드,월드 파리 드라이브
,Hidden Link
사막,[Reverse] 사막 빙글빙글 공사장
빌리지,빌리지 손가락 2
해적,[Reverse] 해적 로비 절벽의 전투
포레스트,[Reverse] 포레스트 지그재그
월드,더 월드
해적,대해적 로두마니
광산,광산의 지배자
코리아,코리아 천년의 경주
공동묘지,절망의 카타콤
노르테유,노르테유 붕붕 점프
마비노기,마비노기 던바튼
어비스,어비스 운명의 갈림길
WKC,WKC 상해 서킷
월드,월드 그리스의 휴일
,Hidden Link
포레스트,포레스트 폭포속으로
신화,신화 빛의 길
대저택,대저택 럭셔리 거대욕조
광산,광산 보석채굴장
노르테유,노르테유 위험한 지름길
대저택,대저택 루이의 장난감 천국
WKC,WKC 싱가폴 마리나 서킷
해변,비치 수상비행장
빌리지,빌리지 수로
월드,월드 파리 에펠탑 다이브
도검,도검 두 마리의 용
해적,해적 짜릿한 고공비행
놀이동산,놀이동산 워터 슬라이드
쥐라기,쥐라기 아슬아슬 화산 점프
빌리지,빌리지 파괴된 손가락
동화,동화 다오와 콩나무
님프,님프 달팽이의 통나무 지름길
노르테유,노르테유 행성 저 멀리
놀이동산,놀이동산 스릴만점 레일특급
차이나,차이나 빙등축제
올림포스,올림포스 선택의 문
해변,비치 신나는 여름 휴가
빌리지,[Reverse] 빌리지 고가의 질주
해적,해적 어질어질 부둣가
카멜롯,카멜롯 외곽 순찰로
동화,동화 프레티온 목마
사막,사막 오래된 송수관
노르테유,노르테유 코스모웨이
월드,월드 이탈리아 여행
올림포스,올림포스 여신의 성소
동화,동화 목욕탕에 개굴개굴
마비노기,[Reverse] 마비노기 이멘 마하
포레스트,포레스트 유격장
어비스,어비스 바다 소용돌이
공동묘지,공동묘지 비밀의 해골제단
쥐라기,쥐라기 디노 마을의 초대
월드,월드 브라질 스포츠 스타디움
해적,해적 폭풍 속의 질주
빌리지,[Reverse] 빌리지 운하
사막,사막 지옥의 모래구덩이
황금문명,황금문명 CSO 아즈텍
빌리지,빌리지 댐 위의 대결
빌리지,빌리지 파괴된 시계탑
아이스,아이스 짜릿한 동계 훈련장
아이스,프로즌 브레이크
사막,사막 스핑크스 수수께끼
신화,신화 꺼지지 않는 불꽃
신화,신화 도전의 전당
어비스,어비스 지상으로 가는 길
광산,광산 롤러코스터 질주
메카닉,메카닉 적의 포화속으로
대저택,대저택 루이의 서재
공동묘지,공동묘지 유령습격
코리아,[Reverse] 코리아 부산의 밤
코리아,[Reverse] 코리아 제주 해오름 다운힐
팩토리,팩토리 부비트랩 공장 탐험
해적,해적 위기일발 대탈출
문힐시티,문힐시티 지피의 미완성 빌딩
아이스,[Reverse] 아이스 신나는 하프파이프
노르테유,[Reverse] 노르테유 우주 정거장
포레스트,[Reverse] 포레스트 버섯동굴
황금문명,황금문명 흔들리는 위협
황금문명,황금문명 고디우스의 분노
카멜롯,카멜롯 순찰로 역주행
대저택,대저택 오후의 휴일
WKC,WKC 호주서킷
팩토리,팩토리 브로디의 심술
해변,비치 해변 기차
팩토리,팩토리 거대톱니의 위협
문힐시티,문힐시티 터널 속 무법자
공동묘지,공동묘지 어둠의 박쥐성
노르테유,노르테유 우주선 침투
빌리지,[Reverse] 빌리지 손가락
동화,[Reverse] 동화 목욕탕에 개굴개굴
포레스트,포레스트 버섯동굴
아이스,아이스 상어의 무덤
동화,동화 카드왕국의 미로
광산,[Reverse] 광산 뽀글뽀글 용암굴
공동묘지,[Reverse] 공동묘지 유령의 계곡
사막,사막 울렁울렁
황금문명,황금문명 전설의 황금용광로
차이나,차이나 북경 스포츠 공원
해적,[Reverse] 해적 짜릿한 고공비행
차이나,차이나 동방명주의 밤
공동묘지,공동묘지 유령의 계곡
광산,광산 뽀글뽀글 용암굴
대저택,대저택 루이의 숨겨진 비밀 방
1920,1920 수상한 증기 공장
팩토리,팩토리 부스터 제작의 비밀
빌리지,[Reverse] 빌리지 두개의 관문
포레스트,[Reverse] 포레스트 기암괴석
사막,[Reverse] 사막 피라미드 탐험
사막,[Reverse] 사막 베거이 시장
공동묘지,공동묘지 비밀의 수도원
동화,[Reverse] 동화 프레티온 목마
아이스,[Reverse] 아이스 펭귄타운
포레스트,포레스트 크레이지 골짜기
차이나,차이나 크레이지 동방명주
노르테유,노르테유 숨막히는 터널 탈주
노르테유,[Reverse] 노르테유 우주선 침투
문힐시티,문힐시티 조심조심 기찻길
노르테유,[Reverse] 노르테유 코스모웨이
사막,[Reverse] 사막 울렁울렁
아이스,아이스 펭귄전사 눈덩이 공격
님프,님프 통나무 아슬아슬 점프
대저택,대저택 버블버블 키친
올림포스,올림포스 스틱스 익스프레스
님프,님프 달의 정원
포레스트,포레스트 바람의 봉래산
아이스,[Reverse] 아이스 갈라진 빙산
사막,사막 숨겨진 송수관
대저택,대저택 루이의 정원
팩토리,팩토리 크레이지 모험
코리아,[Reverse] 코리아 인천 센트럴파크
빌리지,[Reverse] 빌리지 수로
아이스,[Reverse] 아이스 투명동굴
광산,[Reverse] 광산 보석채굴장
해적,[Reverse] 해적 폭풍 속의 질주
포레스트,[Reverse] 포레스트 통나무
동화,동화 가시덩굴괴물의 등장
황금문명,황금문명 신비의 황금 콘도르
카멜롯,카멜롯 바다 하역장
코리아,[Reverse] 코리아 다이나믹 서울
해변,비치 간이역
해적,[Reverse] 해적 위기일발 대탈출
차이나,차이나 북경 경기장
아이스,[Reverse] 아이스 상어의 무덤
아이스,유령의 축제
아이스,아이스 짜릿한 고공점프
사막,[Reverse] 사막 버려진 오아시스
어비스,어비스 바다의 인도자
마비노기,[Reverse] 마비노기 티르 코네일
광산,광산 떨어지는 폭포수
아이스,아이스 크레이지 펭귄타운
문힐시티,문힐시티 덜컹덜컹 지하철 탈출
팩토리,[Reverse] 팩토리 거대톱니의 위협
팩토리,[Reverse] 팩토리 모험의 시작
아이스,아이스 공포의 하프파이프
공동묘지,공동묘지 공포의 외길
사막,사막 파라오의 안식처
브로디,브로디 위험한 프레스 공장
빌리지,[Reverse] 빌리지 붐힐터널
포레스트,[Reverse] 포레스트 골짜기
사막,사막 더스트2
어비스,어비스 바다 속으로
팩토리,팩토리 우당탕 대소동
네모,네모 메디아 은신처
문힐시티,문힐시티 도시의 두 얼굴
노르테유,[Reverse] 노르테유 위험한 지름길
노르테유,[Reverse] 노르테유 허공의 갈림길
노르테유,[Reverse] 노르테유 붕붕 점프
카멜롯,카멜롯 기사단 훈련장
광산,광산 무너지는 금광
해변,비치 크레이지 여객선
월드,월드
황금문명,황금문명 크레이지 고디우스
코리아,[Reverse] 코리아 전주 한옥마을
브로디,브로디 거대한 에너지 생산기
노르테유,노르테유 우주 정거장
팩토리,팩토리 수상한 증기 장치
빌리지,빌리지 돌아올 수 없는 지름길
팩토리,팩토리 핀저의 위험한 적재소
해적,해적 해적선 보물탈취
사막,[Reverse] 사막 지옥의 모래구덩이
포레스트,[Reverse] 포레스트 폭포속으로
월드,월드 런던 나이트
노르테유,[Reverse] 노르테유 부스터존 점령작전
팩토리,[Reverse] 팩토리 우당탕 대소동
팩토리,[Reverse] 팩토리 브로디의 심술
빌리지,빌리지 크레이지 운하
공동묘지,[Reverse] 공동묘지 해골 손가락
사막,사막 크레이지 오아시스
포레스트,[Reverse] 포레스트 행복한 팬더 마을